iter	Logloss
0	0.3956542714
1	0.3293529812
2	0.3294530041
3	0.346435689
4	0.3039702551
5	0.2947740996
6	0.3064371982
7	0.2683205327
8	0.2488967109
