iter	Logloss
0	0.4124490464
1	0.3954312809
2	0.4125705556
3	0.3957245419
4	0.3641056271
5	0.3087046011
6	0.3682242949
7	0.3195778754
