iter	Logloss
0	0.3145043245
1	0.3036199422
2	0.2735611526
