iter	Logloss
0	0.4437555383
1	0.4117247209
2	0.3324200423
